[{"model": "metahumans.team", "pk": 1, "fields": {"name": "Los Vengadores", "description": "Los heroes mas grandes de la tierra", "headquarter": "Torre Stark"}}, {"model": "metahumans.team", "pk": 2, "fields": {"name": "Cuatro Fant\u00e1sticos", "description": "Los Cuatro Fant\u00e1sticos (estilizado muchas veces como 4 Fant\u00e1sticos) es un equipo ficticio de superh\u00e9roes que aparece en c\u00f3mics estadounidenses publicados por Marvel. El grupo debut\u00f3 en The Fantastic Four #1 (noviembre de 1961), el cual ayud\u00f3 a marcar el comienzo de un nuevo nivel de realismo en el medio.\r\n\r\nLos Cuatro Fant\u00e1sticos fue el primer equipo de superh\u00e9roes creado por el escritor-editor Stan Lee y el artista Jack Kirby, quienes desarrollaron un enfoque de colaboraci\u00f3n al crear c\u00f3mics con este t\u00edtulo que usar\u00edan a partir de entonces.", "headquarter": "Edificio Baxter"}}, {"model": "metahumans.team", "pk": 3, "fields": {"name": "Patrulla X", "description": "The X-Men are a privately owned security force created to harbor peace between the emerging *homo superior*, nicknamed \"Mutants\" and baseline humans. The roster is made up of Mutants who have been trained and educated in the use of their powers at the Xavier's School for Gifted Youngsters.Their operations are funded by Professor Charles Xavier's family fortune and from the patents he created.", "headquarter": "Xavier Institutefor for Gifted Youngsters"}}, {"model": "metahumans.team", "pk": 4, "fields": {"name": "Hermanad de mutantes", "description": "La Hermandad de mutantes fue fundada por Magneto y sus socios, sus primeras batallas fueron contra con los X-Men durante la d\u00e9cada de 1960. En 1981, la Hermandad de Mutantes fue revivida bajo el liderazgo de Mystique, mientras que la encarnaci\u00f3n m\u00e1s visible del grupo a principios de la d\u00e9cada de 1990 fue dirigida por Sapo.", "headquarter": "Asteroide M"}}, {"model": "metahumans.power", "pk": 1, "fields": {"name": "Volar", "description": "Volar", "level": 50}}, {"model": "metahumans.power", "pk": 2, "fields": {"name": "Superfuerza", "description": "Fuerza sobrehumana", "level": 50}}, {"model": "metahumans.power", "pk": 3, "fields": {"name": "Telekinesis", "description": "Mover objetos con la mente", "level": 75}}, {"model": "metahumans.power", "pk": 4, "fields": {"name": "Sentidos aumentados (Peligro)", "description": "Percibir las situaciones de peligro", "level": 50}}, {"model": "metahumans.power", "pk": 5, "fields": {"name": "Armadura", "description": "Armadura tecnologica", "level": 50}}, {"model": "metahumans.power", "pk": 6, "fields": {"name": "Descara de energia", "description": "Rayos repulsores", "level": 50}}, {"model": "metahumans.power", "pk": 7, "fields": {"name": "Intangibilidad", "description": "Imposibilidad de ser tocado", "level": 50}}, {"model": "metahumans.power", "pk": 8, "fields": {"name": "Factor de curaci\u00f3n", "description": "Se cura de heridas mas r\u00e1pido", "level": 50}}, {"model": "metahumans.power", "pk": 9, "fields": {"name": "Visi\u00f3n nocturna", "description": "Poder visualizar igual de bien por la noche que por el d\u00eda.", "level": 28}}, {"model": "metahumans.power", "pk": 10, "fields": {"name": "Invisibilidad", "description": "Nadie te puede ver en ning\u00fan momento.", "level": 50}}, {"model": "metahumans.power", "pk": 11, "fields": {"name": "Teletransportaci\u00f3n", "description": "Poder ir de un sitio a otro cuando quieras.", "level": 55}}, {"model": "metahumans.power", "pk": 12, "fields": {"name": "Control sobre el  tiempo", "description": "Poder parar/avanzar/atrasar el tiempo cuando quieras.", "level": 50}}, {"model": "metahumans.power", "pk": 13, "fields": {"name": "Rayos (\u00f3pticos)", "description": "Descarga de energia cin\u00e9tica desde los ojos", "level": 80}}, {"model": "metahumans.power", "pk": 14, "fields": {"name": "Telepat\u00eda", "description": "Capacidad de leer la mente y enviar pensamientos a distancia", "level": 90}}, {"model": "metahumans.power", "pk": 15, "fields": {"name": "Agilidad", "description": "Agilidad aumentada", "level": 50}}, {"model": "metahumans.power", "pk": 16, "fields": {"name": "Control frio", "description": "capacidad de manipular el hielo y el fr\u00edo", "level": 50}}, {"model": "metahumans.power", "pk": 17, "fields": {"name": "Control de densidad", "description": "Capacidad de aumentar o disminuir su densidad y masa corporal", "level": 70}}, {"model": "metahumans.power", "pk": 18, "fields": {"name": "Rayos", "description": "Lanzar descargas de energia", "level": 50}}, {"model": "metahumans.power", "pk": 19, "fields": {"name": "Control de tama\u00f1o", "description": "Incrementar o decrementar su estatura y volumen", "level": 30}}, {"model": "metahumans.power", "pk": 20, "fields": {"name": "Control campo magn\u00e9tico", "description": "Control del magnetismo", "level": 90}}, {"model": "metahumans.power", "pk": 21, "fields": {"name": "Resistencia", "description": "Resistencia al da\u00f1o sobrehumana", "level": 80}}, {"model": "metahumans.power", "pk": 22, "fields": {"name": "Control fuego", "description": "Control sobre el fuego", "level": 50}}, {"model": "metahumans.metahuman", "pk": 1, "fields": {"name": "Spiderman", "country": "US", "level": 23, "active": true, "last_update": "2020-05-04T17:41:29.537Z", "team": null, "powers": [2, 4]}}, {"model": "metahumans.metahuman", "pk": 2, "fields": {"name": "Hulk", "country": "US", "level": 100, "active": true, "last_update": "2020-05-04T17:43:03.831Z", "team": 1, "powers": [2]}}, {"model": "metahumans.metahuman", "pk": 3, "fields": {"name": "Hombre de Hierro", "country": "US", "level": 90, "active": true, "last_update": "2020-05-05T10:41:59.248Z", "team": 1, "powers": [1, 2, 5, 6]}}, {"model": "metahumans.metahuman", "pk": 4, "fields": {"name": "Caballero Luna", "country": "US", "level": 10, "active": true, "last_update": "2020-05-05T10:41:49.039Z", "team": null, "powers": [2, 9]}}, {"model": "metahumans.metahuman", "pk": 5, "fields": {"name": "C\u00edclope", "country": "US", "level": 60, "active": true, "last_update": "2020-05-05T10:33:14.628Z", "team": 3, "powers": [13]}}, {"model": "metahumans.metahuman", "pk": 6, "fields": {"name": "Chica maravillosa", "country": "US", "level": 90, "active": true, "last_update": "2020-05-05T10:33:03.782Z", "team": 3, "powers": [3, 14]}}, {"model": "metahumans.metahuman", "pk": 7, "fields": {"name": "\u00c1ngel", "country": "US", "level": 30, "active": true, "last_update": "2020-05-05T10:33:55.026Z", "team": 3, "powers": [1]}}, {"model": "metahumans.metahuman", "pk": 8, "fields": {"name": "La Bestia", "country": "US", "level": 50, "active": true, "last_update": "2020-05-05T10:34:48.840Z", "team": 3, "powers": [2, 15]}}, {"model": "metahumans.metahuman", "pk": 9, "fields": {"name": "Hombre de Hielo", "country": "US", "level": 40, "active": true, "last_update": "2020-05-05T10:37:55.347Z", "team": 3, "powers": [16]}}, {"model": "metahumans.metahuman", "pk": 10, "fields": {"name": "Capit\u00e1n Am\u00e9rica", "country": "US", "level": 60, "active": true, "last_update": "2020-05-05T10:39:27.701Z", "team": 1, "powers": [2, 15]}}, {"model": "metahumans.metahuman", "pk": 11, "fields": {"name": "La Visi\u00f3n", "country": "OT", "level": 80, "active": true, "last_update": "2020-05-05T10:41:36.411Z", "team": 1, "powers": [1, 2, 7, 17, 18]}}, {"model": "metahumans.metahuman", "pk": 12, "fields": {"name": "La Avispa", "country": "US", "level": 50, "active": true, "last_update": "2020-05-05T10:43:39.250Z", "team": 1, "powers": [1, 18, 19]}}, {"model": "metahumans.metahuman", "pk": 13, "fields": {"name": "Magneto", "country": "PL", "level": 90, "active": true, "last_update": "2020-05-05T10:51:05.933Z", "team": 4, "powers": [1, 20]}}, {"model": "metahumans.metahuman", "pk": 14, "fields": {"name": "Juggernaut", "country": "US", "level": 80, "active": true, "last_update": "2020-05-05T10:50:59.516Z", "team": 4, "powers": [2, 21]}}, {"model": "metahumans.metahuman", "pk": 15, "fields": {"name": "Antorcha humana", "country": "US", "level": 80, "active": true, "last_update": "2020-05-05T10:57:03.384Z", "team": 2, "powers": [1, 22]}}]